{
  "gravity": [
    {
      "eps": 0.1,
      "mu": 0.016103810683017798,
      "B_WF": 509.4769121597376,
      "B_real": 694.0,
      "B_entropy": 582.9593174731589,
      "B_float32": 6272,
      "l_trunc": 12.1372132049356,
      "n_coeffs_trunc": 196,
      "eta_bits": 1.362181452066288,
      "float32_saving": 10.758898283307362,
      "achieved_eps": 0.09444915161804104,
      "D_abs": 13.216857561488439,
      "D_quant": 11.79028578611539,
      "total_var": 1321.6857561488437,
      "greedy_topup_steps": 0
    },
    {
      "eps": 0.05,
      "mu": 0.0004227014823821322,
      "B_WF": 3765.0244486033407,
      "B_real": 5771.0,
      "B_entropy": 4770.3449330727535,
      "B_float32": 48672,
      "l_trunc": 37.38932736935745,
      "n_coeffs_trunc": 1521,
      "eta_bits": 1.5327921714135981,
      "float32_saving": 10.203035772645602,
      "achieved_eps": 0.04993843316545072,
      "D_abs": 3.3042143903721097,
      "D_quant": 3.296082199361584,
      "total_var": 1321.6857561488437,
      "greedy_topup_steps": 0
    },
    {
      "eps": 0.025,
      "mu": 2.515360567278796e-05,
      "B_WF": 22566.932610050466,
      "B_real": 36281.0,
      "B_entropy": 28476.873295582656,
      "B_float32": 294912,
      "l_trunc": 94.29232411832498,
      "n_coeffs_trunc": 9216,
      "eta_bits": 1.6077063120152095,
      "float32_saving": 10.356193144482154,
      "achieved_eps": 0.024974927923284835,
      "D_abs": 0.8260535975930274,
      "D_quant": 0.8243975580830544,
      "total_var": 1321.6857561488437,
      "greedy_topup_steps": 18
    },
    {
      "eps": 0.01,
      "mu": 1.3409764925754918e-06,
      "B_WF": 105828.59425696736,
      "B_real": 168671.0,
      "B_entropy": 129862.09900942176,
      "B_float32": 1191968,
      "l_trunc": 191.25310972126505,
      "n_coeffs_trunc": 37249,
      "eta_bits": 1.5938131011212533,
      "float32_saving": 9.17872119034146,
      "achieved_eps": 0.009979481654284233,
      "D_abs": 0.13216857561488438,
      "D_quant": 0.13162675594246098,
      "total_var": 1321.6857561488437,
      "greedy_topup_steps": 69
    }
  ],
  "magnetic": [
    {
      "eps": 0.1,
      "mu": 468202.2725154964,
      "B_WF": 36.49124093740892,
      "B_real": 53.0,
      "B_entropy": 32.89385298958109,
      "B_float32": 512,
      "l_trunc": 2.502725711883445,
      "n_coeffs_trunc": 16,
      "eta_bits": 1.4524033340194569,
      "float32_saving": 15.565218223665454,
      "achieved_eps": 0.06504037536475235,
      "D_abs": 12625844.943764403,
      "D_quant": 5341048.597201768,
      "total_var": 1262584494.37644,
      "greedy_topup_steps": 0
    },
    {
      "eps": 0.05,
      "mu": 81926.49994295508,
      "B_WF": 68.24947506641925,
      "B_real": 91.0,
      "B_entropy": 62.19271329242788,
      "B_float32": 800,
      "l_trunc": 3.432863312983323,
      "n_coeffs_trunc": 25,
      "eta_bits": 1.333343588524898,
      "float32_saving": 12.863243258714714,
      "achieved_eps": 0.03430441905179235,
      "D_abs": 3156461.235941101,
      "D_quant": 1485800.8050870304,
      "total_var": 1262584494.37644,
      "greedy_topup_steps": 0
    },
    {
      "eps": 0.025,
      "mu": 14288.044887073342,
      "B_WF": 112.34110417802042,
      "B_real": 126.0,
      "B_entropy": 77.08931024466764,
      "B_float32": 1152,
      "l_trunc": 4.3347680660652905,
      "n_coeffs_trunc": 36,
      "eta_bits": 1.12158413362517,
      "float32_saving": 14.943706155156384,
      "achieved_eps": 0.021405939562666794,
      "D_abs": 789115.3089852752,
      "D_quant": 578534.2053348941,
      "total_var": 1262584494.37644,
      "greedy_topup_steps": 0
    },
    {
      "eps": 0.01,
      "mu": 1608.0811821321308,
      "B_WF": 201.38565182976117,
      "B_real": 223.0,
      "B_entropy": 134.88988473734602,
      "B_float32": 1568,
      "l_trunc": 5.860222899684079,
      "n_coeffs_trunc": 49,
      "eta_bits": 1.1073281436579714,
      "float32_saving": 11.62429638851844,
      "achieved_eps": 0.00884021960223652,
      "D_abs": 126258.44943764401,
      "D_quant": 98670.32499420833,
      "total_var": 1262584494.37644,
      "greedy_topup_steps": 0
    }
  ],
  "crustal": [
    {
      "eps": 0.1,
      "mu": 0.0009795228349089365,
      "B_WF": 58159.72574138939,
      "B_real": 73955.0,
      "B_entropy": 62701.24683484733,
      "B_float32": 566048,
      "l_trunc": 131.94513421009182,
      "n_coeffs_trunc": 17689,
      "eta_bits": 1.2715844006700654,
      "float32_saving": 9.027699265549673,
      "achieved_eps": 0.09967697836863815,
      "D_abs": 17.337554178444538,
      "D_quant": 17.225726982950675,
      "total_var": 1733.7554178444534,
      "greedy_topup_steps": 22
    },
    {
      "eps": 0.05,
      "mu": 0.0002448807087272341,
      "B_WF": 75859.72574138935,
      "B_real": 91603.0,
      "B_entropy": 78629.55716542577,
      "B_float32": 574592,
      "l_trunc": 132.4895683728756,
      "n_coeffs_trunc": 17956,
      "eta_bits": 1.2075313890835893,
      "float32_saving": 7.307582806184925,
      "achieved_eps": 0.0498199030194772,
      "D_abs": 4.3343885446111345,
      "D_quant": 4.3032203672616784,
      "total_var": 1733.7554178444534,
      "greedy_topup_steps": 22
    },
    {
      "eps": 0.025,
      "mu": 6.122017718180853e-05,
      "B_WF": 93559.72574138935,
      "B_real": 109034.0,
      "B_entropy": 93137.97876763015,
      "B_float32": 574592,
      "l_trunc": 132.7445388465848,
      "n_coeffs_trunc": 17956,
      "eta_bits": 1.1653946090156726,
      "float32_saving": 6.1692556312989035,
      "achieved_eps": 0.02496762202911241,
      "D_abs": 1.0835971361527836,
      "D_quant": 1.0807921795835411,
      "total_var": 1733.7554178444534,
      "greedy_topup_steps": 21
    },
    {
      "eps": 0.01,
      "mu": 9.79522834914185e-06,
      "B_WF": 116957.85302082726,
      "B_real": 133237.0,
      "B_entropy": 109779.24118253464,
      "B_float32": 574592,
      "l_trunc": 132.89775659667518,
      "n_coeffs_trunc": 17956,
      "eta_bits": 1.139188148197914,
      "float32_saving": 5.234067878503563,
      "achieved_eps": 0.009937691983519096,
      "D_abs": 0.17337554178444534,
      "D_quant": 0.17122173550091205,
      "total_var": 1733.7554178444534,
      "greedy_topup_steps": 43
    }
  ]
}