{
  "gravity": {
    "0.05": {
      "eps_target": 0.05,
      "K_wavelet": 665,
      "N_total_coeffs": 16384,
      "wavelet_final_eps": 0.04984946507059587,
      "bits_wavelet": 19950,
      "payload_bits": 10640,
      "index_overhead_bits": 9310,
      "index_bits_per_coeff": 14,
      "L_sh": 218,
      "sh_final_eps": 0.04980097074033271,
      "bits_SH_global": 767376,
      "bits_SH_patch": 14101.227720424493,
      "wavelet_over_sh_patch_ratio": 1.4147704296062131,
      "winner": "SH",
      "b_q": 16,
      "patch_n": 128,
      "patch_deg": 31.911357340719405,
      "patch_lat_centre": 40.0,
      "lat_lo": 24.182825484764535,
      "lat_hi": 55.84487534626039,
      "lon_lo": 164.0443213296399,
      "lon_hi": 195.70637119113573,
      "solid_angle_fraction": 0.018375904016315982,
      "wavelet": "bior4.4",
      "boundary_mode": "periodization",
      "quant_err_check": 2.539754431067478e-05,
      "quant_dominates": false
    },
    "0.01": {
      "eps_target": 0.01,
      "K_wavelet": 2180,
      "N_total_coeffs": 16384,
      "wavelet_final_eps": 0.009996289677752535,
      "bits_wavelet": 65400,
      "payload_bits": 34880,
      "index_overhead_bits": 30520,
      "index_bits_per_coeff": 14,
      "L_sh": 338,
      "sh_final_eps": 0.009779525026411086,
      "bits_SH_global": 1838736,
      "bits_SH_patch": 33788.43624734478,
      "wavelet_over_sh_patch_ratio": 1.9355734465260839,
      "winner": "SH",
      "b_q": 16,
      "patch_n": 128,
      "patch_deg": 31.911357340719405,
      "patch_lat_centre": 40.0,
      "lat_lo": 24.182825484764535,
      "lat_hi": 55.84487534626039,
      "lon_lo": 164.0443213296399,
      "lon_hi": 195.70637119113573,
      "solid_angle_fraction": 0.018375904016315982,
      "wavelet": "bior4.4",
      "boundary_mode": "periodization",
      "quant_err_check": 2.539754431067478e-05,
      "quant_dominates": false
    }
  },
  "magnetic": {
    "0.05": {
      "eps_target": 0.05,
      "K_wavelet": 277,
      "N_total_coeffs": 16384,
      "wavelet_final_eps": 0.04960475766317233,
      "bits_wavelet": 8310,
      "payload_bits": 4432,
      "index_overhead_bits": 3878,
      "index_bits_per_coeff": 14,
      "L_sh": 1,
      "sh_final_eps": 0.03668648320062727,
      "bits_SH_global": 64,
      "bits_SH_patch": 1.1760578570442228,
      "wavelet_over_sh_patch_ratio": 7065.978897403448,
      "winner": "SH",
      "b_q": 16,
      "patch_n": 128,
      "patch_deg": 31.911357340719405,
      "patch_lat_centre": 40.0,
      "lat_lo": 24.182825484764535,
      "lat_hi": 55.84487534626039,
      "lon_lo": 164.0443213296399,
      "lon_hi": 195.70637119113573,
      "solid_angle_fraction": 0.018375904016315982,
      "wavelet": "bior4.4",
      "boundary_mode": "periodization",
      "quant_err_check": 3.6158140294148235e-06,
      "quant_dominates": false
    },
    "0.01": {
      "eps_target": 0.01,
      "K_wavelet": 393,
      "N_total_coeffs": 16384,
      "wavelet_final_eps": 0.009944681480902964,
      "bits_wavelet": 11790,
      "payload_bits": 6288,
      "index_overhead_bits": 5502,
      "index_bits_per_coeff": 14,
      "L_sh": 5,
      "sh_final_eps": 0.008721189591361462,
      "bits_SH_global": 576,
      "bits_SH_patch": 10.584520713398005,
      "wavelet_over_sh_patch_ratio": 1113.8907768469937,
      "winner": "SH",
      "b_q": 16,
      "patch_n": 128,
      "patch_deg": 31.911357340719405,
      "patch_lat_centre": 40.0,
      "lat_lo": 24.182825484764535,
      "lat_hi": 55.84487534626039,
      "lon_lo": 164.0443213296399,
      "lon_hi": 195.70637119113573,
      "solid_angle_fraction": 0.018375904016315982,
      "wavelet": "bior4.4",
      "boundary_mode": "periodization",
      "quant_err_check": 3.6158140294148235e-06,
      "quant_dominates": false
    }
  }
}